Workbook

Sheet Inventory sheet
B4: Inventory Value | C4: =SUM(Table2[Total Value]) -> 7124.0948 | E4: Current Date | F4: =TODAY() -> 46021
B5: Unique Products | C5: =COUNT(_xlfn.UNIQUE(Table2[Product ID])) -> 14 | E5: Day of Week | F5: =TEXT(F4,"dddd") -> Tuesday
B7: Product ID | C7: Product | D7: Quantity in Stock | E7: Cost Price per Unit | F7: Sale Price per Unit | G7: Total Value | H7: Reorder Threshold | I7: Reorder? | J7: ETA
B8: 101 | C8: =_xlfn.XLOOKUP(Table2[[#This Row],[Product ID]],Table1[ID],Table1[Product_Name]) -> Luminous Drift | D8: 5 | E8: 6.5357631 | F8: =E8*3 -> 19.607289 | G8: =Table2[[#This Row],[Sale Price per Unit]]*Table2[[#This Row],[Quantity in Stock]] -> 98.036447 | H8: 9 | I8: =IF(Table2[[#This Row],[Quantity in Stock]]>=Table2[[#This Row],[Reorder Threshold]],"Yes","No") -> No | J8: =IF(Table2[[#This Row],[Reorder?]]="Yes",$F$4+_xlfn.XLOOKUP(Table2[[#This Row],[Product ID]],Table1[ID],Table1[Average_Order_Time]),"")
B9: 102 | C9: =_xlfn.XLOOKUP(Table2[[#This Row],[Product ID]],Table1[ID],Table1[Product_Name]) -> Silent Horizon | D9: 14 | E9: 8.1162716 | F9: =E9*3 -> 24.348815 | G9: =Table2[[#This Row],[Sale Price per Unit]]*Table2[[#This Row],[Quantity in Stock]] -> 340.88341 | H9: 6 | I9: =IF(Table2[[#This Row],[Quantity in Stock]]>=Table2[[#This Row],[Reorder Threshold]],"Yes","No") -> Yes | J9: =IF(Table2[[#This Row],[Reorder?]]="Yes",$F$4+_xlfn.XLOOKUP(Table2[[#This Row],[Product ID]],Table1[ID],Table1[Average_Order_Time]),"") -> 46033
B10: 103 | C10: =_xlfn.XLOOKUP(Table2[[#This Row],[Product ID]],Table1[ID],Table1[Product_Name]) -> Skyforge | D10: 7 | E10: 9.6615053 | F10: =E10*3 -> 28.984516 | G10: =Table2[[#This Row],[Sale Price per Unit]]*Table2[[#This Row],[Quantity in Stock]] -> 202.89161 | H10: 17 | I10: =IF(Table2[[#This Row],[Quantity in Stock]]>=Table2[[#This Row],[Reorder Threshold]],"Yes","No") -> No | J10: =IF(Table2[[#This Row],[Reorder?]]="Yes",$F$4+_xlfn.XLOOKUP(Table2[[#This Row],[Product ID]],Table1[ID],Table1[Average_Order_Time]),"")
B11: 104 | C11: =_xlfn.XLOOKUP(Table2[[#This Row],[Product ID]],Table1[ID],Table1[Product_Name]) -> Wanderbeam | D11: 220 | E11: 7.1428556 | F11: =E11*3 -> 21.428567 | G11: =Table2[[#This Row],[Sale Price per Unit]]*Table2[[#This Row],[Quantity in Stock]] -> 4714.2847 | H11: 10 | I11: =IF(Table2[[#This Row],[Quantity in Stock]]>=Table2[[#This Row],[Reorder Threshold]],"Yes","No") -> Yes | J11: =IF(Table2[[#This Row],[Reorder?]]="Yes",$F$4+_xlfn.XLOOKUP(Table2[[#This Row],[Product ID]],Table1[ID],Table1[Average_Order_Time]),"") -> 46030
B12: 105 | C12: =_xlfn.XLOOKUP(Table2[[#This Row],[Product ID]],Table1[ID],Table1[Product_Name]) -> Lost Echo | D12: 7 | E12: 3.7669671 | F12: =E12*3 -> 11.300901 | G12: =Table2[[#This Row],[Sale Price per Unit]]*Table2[[#This Row],[Quantity in Stock]] -> 79.106308 | H12: 3 | I12: =IF(Table2[[#This Row],[Quantity in Stock]]>=Table2[[#This Row],[Reorder Threshold]],"Yes","No") -> Yes | J12: =IF(Table2[[#This Row],[Reorder?]]="Yes",$F$4+_xlfn.XLOOKUP(Table2[[#This Row],[Product ID]],Table1[ID],Table1[Average_Order_Time]),"") -> 46028
B13: 106 | C13: =_xlfn.XLOOKUP(Table2[[#This Row],[Product ID]],Table1[ID],Table1[Product_Name]) -> Silver Mirage | D13: 16 | E13: 7.5821486 | F13: =E13*3 -> 22.746446 | G13: =Table2[[#This Row],[Sale Price per Unit]]*Table2[[#This Row],[Quantity in Stock]] -> 363.94313 | H13: 19 | I13: =IF(Table2[[#This Row],[Quantity in Stock]]>=Table2[[#This Row],[Reorder Threshold]],"Yes","No") -> No | J13: =IF(Table2[[#This Row],[Reorder?]]="Yes",$F$4+_xlfn.XLOOKUP(Table2[[#This Row],[Product ID]],Table1[ID],Table1[Average_Order_Time]),"")
B14: 108 | C14: =_xlfn.XLOOKUP(Table2[[#This Row],[Product ID]],Table1[ID],Table1[Product_Name]) -> Deep Hollow | D14: 21 | E14: 7.3073497 | F14: =E14*3 -> 21.922049 | G14: =Table2[[#This Row],[Sale Price per Unit]]*Table2[[#This Row],[Quantity in Stock]] -> 460.36303 | H14: 8 | I14: =IF(Table2[[#This Row],[Quantity in Stock]]>=Table2[[#This Row],[Reorder Threshold]],"Yes","No") -> Yes | J14: =IF(Table2[[#This Row],[Reorder?]]="Yes",$F$4+_xlfn.XLOOKUP(Table2[[#This Row],[Product ID]],Table1[ID],Table1[Average_Order_Time]),"") -> 46051
B15: 109 | C15: =_xlfn.XLOOKUP(Table2[[#This Row],[Product ID]],Table1[ID],Table1[Product_Name]) -> Brokerage | D15: 26 | E15: 6.1967948 | F15: =E15*3 -> 18.590384 | G15: =Table2[[#This Row],[Sale Price per Unit]]*Table2[[#This Row],[Quantity in Stock]] -> 483.34999 | H15: 4 | I15: =IF(Table2[[#This Row],[Quantity in Stock]]>=Table2[[#This Row],[Reorder Threshold]],"Yes","No") -> Yes | J15: =IF(Table2[[#This Row],[Reorder?]]="Yes",$F$4+_xlfn.XLOOKUP(Table2[[#This Row],[Product ID]],Table1[ID],Table1[Average_Order_Time]),"") -> 46051
B16: 110 | C16: =_xlfn.XLOOKUP(Table2[[#This Row],[Product ID]],Table1[ID],Table1[Product_Name]) -> Frostline | D16: 5 | E16: 1.5677051 | F16: =E16*3 -> 4.7031154 | G16: =Table2[[#This Row],[Sale Price per Unit]]*Table2[[#This Row],[Quantity in Stock]] -> 23.515577 | H16: 8 | I16: =IF(Table2[[#This Row],[Quantity in Stock]]>=Table2[[#This Row],[Reorder Threshold]],"Yes","No") -> No | J16: =IF(Table2[[#This Row],[Reorder?]]="Yes",$F$4+_xlfn.XLOOKUP(Table2[[#This Row],[Product ID]],Table1[ID],Table1[Average_Order_Time]),"")
B17: 111 | C17: =_xlfn.XLOOKUP(Table2[[#This Row],[Product ID]],Table1[ID],Table1[Product_Name]) -> Tidal Wave | D17: 5 | E17: 3.537849 | F17: =E17*3 -> 10.613547 | G17: =Table2[[#This Row],[Sale Price per Unit]]*Table2[[#This Row],[Quantity in Stock]] -> 53.067735 | H17: 20 | I17: =IF(Table2[[#This Row],[Quantity in Stock]]>=Table2[[#This Row],[Reorder Threshold]],"Yes","No") -> No | J17: =IF(Table2[[#This Row],[Reorder?]]="Yes",$F$4+_xlfn.XLOOKUP(Table2[[#This Row],[Product ID]],Table1[ID],Table1[Average_Order_Time]),"")
B18: 112 | C18: =_xlfn.XLOOKUP(Table2[[#This Row],[Product ID]],Table1[ID],Table1[Product_Name]) -> Crimson Dawn | D18: 8 | E18: 7.9822216 | F18: =E18*3 -> 23.946665 | G18: =Table2[[#This Row],[Sale Price per Unit]]*Table2[[#This Row],[Quantity in Stock]] -> 191.57332 | H18: 8 | I18: =IF(Table2[[#This Row],[Quantity in Stock]]>=Table2[[#This Row],[Reorder Threshold]],"Yes","No") -> Yes | J18: =IF(Table2[[#This Row],[Reorder?]]="Yes",$F$4+_xlfn.XLOOKUP(Table2[[#This Row],[Product ID]],Table1[ID],Table1[Average_Order_Time]),"") -> 46081
B19: 113 | C19: =_xlfn.XLOOKUP(Table2[[#This Row],[Product ID]],Table1[ID],Table1[Product_Name]) -> Shattered Sky | D19: 8 | E19: 2.1895287 | F19: =E19*3 -> 6.5685862 | G19: =Table2[[#This Row],[Sale Price per Unit]]*Table2[[#This Row],[Quantity in Stock]] -> 52.54869 | H19: 27 | I19: =IF(Table2[[#This Row],[Quantity in Stock]]>=Table2[[#This Row],[Reorder Threshold]],"Yes","No") -> No | J19: =IF(Table2[[#This Row],[Reorder?]]="Yes",$F$4+_xlfn.XLOOKUP(Table2[[#This Row],[Product ID]],Table1[ID],Table1[Average_Order_Time]),"")
B20: 116 | C20: =_xlfn.XLOOKUP(Table2[[#This Row],[Product ID]],Table1[ID],Table1[Product_Name]) -> Blackthorn | D20: 4 | E20: 5.0442445 | F20: =E20*3 -> 15.132734 | G20: =Table2[[#This Row],[Sale Price per Unit]]*Table2[[#This Row],[Quantity in Stock]] -> 60.530934 | H20: 2 | I20: =IF(Table2[[#This Row],[Quantity in Stock]]>=Table2[[#This Row],[Reorder Threshold]],"Yes","No") -> Yes | J20: =IF(Table2[[#This Row],[Reorder?]]="Yes",$F$4+_xlfn.XLOOKUP(Table2[[#This Row],[Product ID]],Table1[ID],Table1[Average_Order_Time]),"") -> 46081
B21: 118 | C21: =_xlfn.XLOOKUP(Table2[[#This Row],[Product ID]],Table1[ID],Table1[Product_Name]) -> Nexus Prime | D21: 0 | E21: 5.99 | F21: =E21*3 -> 17.97 | G21: =Table2[[#This Row],[Sale Price per Unit]]*Table2[[#This Row],[Quantity in Stock]] -> 0 | I21: =IF(Table2[[#This Row],[Quantity in Stock]]>=Table2[[#This Row],[Reorder Threshold]],"Yes","No") -> Yes | J21: =IF(Table2[[#This Row],[Reorder?]]="Yes",$F$4+_xlfn.XLOOKUP(Table2[[#This Row],[Product ID]],Table1[ID],Table1[Average_Order_Time]),"") -> 46051

Sheet Order summary
B4: Total Order | C4: =SUM(E7:E29) -> 145.14805
B6: Product ID | C6: Product | D6: Revision_Rounds | E6: Total Cost | F6: Contact | G6: Email
B7: {=_xlfn._xlws.FILTER(Table2[[Product ID]:[Product]],Table2[Reorder?]="Yes")} -> 102 | C7: Silent Horizon | D7: =_xlfn.XLOOKUP(B7,Table1[ID],Table1[Reorder_Quantity]," ") -> 3 | E7: =IFERROR(D7*_xlfn.XLOOKUP(B7,Table2[Product ID],Table2[Cost Price per Unit])," ") -> 24.348815 | F7: {=_xlfn.XLOOKUP('Inventory sheet'!B8,Table1[ID],Table1[[Contact_Name]:[Email]]," ")} -> Aisha Bello | G7: aisha.bello@growthline.io
B8: 104 | C8: Wanderbeam | D8: =_xlfn.XLOOKUP(B8,Table1[ID],Table1[Reorder_Quantity]," ") -> 1 | E8: =IFERROR(D8*_xlfn.XLOOKUP(B8,Table2[Product ID],Table2[Cost Price per Unit])," ") -> 7.1428556 | F8: {=_xlfn.XLOOKUP('Inventory sheet'!B9,Table1[ID],Table1[[Contact_Name]:[Email]]," ")} -> Daniel Okafor | G8: daniel.okafor@copperquill.co
B9: 105 | C9: Lost Echo | D9: =_xlfn.XLOOKUP(B9,Table1[ID],Table1[Reorder_Quantity]," ") -> 2 | E9: =IFERROR(D9*_xlfn.XLOOKUP(B9,Table2[Product ID],Table2[Cost Price per Unit])," ") -> 7.5339341 | F9: {=_xlfn.XLOOKUP('Inventory sheet'!B10,Table1[ID],Table1[[Contact_Name]:[Email]]," ")} -> Rhea Coleman | G9: rhea.coleman@echorank.io
B10: 108 | C10: Deep Hollow | D10: =_xlfn.XLOOKUP(B10,Table1[ID],Table1[Reorder_Quantity]," ") -> 4 | E10: =IFERROR(D10*_xlfn.XLOOKUP(B10,Table2[Product ID],Table2[Cost Price per Unit])," ") -> 29.229399 | F10: {=_xlfn.XLOOKUP('Inventory sheet'!B11,Table1[ID],Table1[[Contact_Name]:[Email]]," ")} -> Lucia Moreno | G10: lucia.moreno@wanderleaf.co
B11: 109 | C11: Brokerage | D11: =_xlfn.XLOOKUP(B11,Table1[ID],Table1[Reorder_Quantity]," ") -> 4 | E11: =IFERROR(D11*_xlfn.XLOOKUP(B11,Table2[Product ID],Table2[Cost Price per Unit])," ") -> 24.787179 | F11: {=_xlfn.XLOOKUP('Inventory sheet'!B12,Table1[ID],Table1[[Contact_Name]:[Email]]," ")} -> Ethan Cole | G11: ethan.cole@novasignal.io
B12: 112 | C12: Crimson Dawn | D12: =_xlfn.XLOOKUP(B12,Table1[ID],Table1[Reorder_Quantity]," ") -> 4 | E12: =IFERROR(D12*_xlfn.XLOOKUP(B12,Table2[Product ID],Table2[Cost Price per Unit])," ") -> 31.928887 | F12: {=_xlfn.XLOOKUP('Inventory sheet'!B13,Table1[ID],Table1[[Contact_Name]:[Email]]," ")} -> Ethan Cole | G12: ethan.cole@novasignal.io
B13: 116 | C13: Blackthorn | D13: =_xlfn.XLOOKUP(B13,Table1[ID],Table1[Reorder_Quantity]," ") -> 4 | E13: =IFERROR(D13*_xlfn.XLOOKUP(B13,Table2[Product ID],Table2[Cost Price per Unit])," ") -> 20.176978 | F13: {=_xlfn.XLOOKUP('Inventory sheet'!B14,Table1[ID],Table1[[Contact_Name]:[Email]]," ")} -> Rhea Coleman | G13: rhea.coleman@echorank.io
B14: 118 | C14: Nexus Prime

Sheet Vendor Info
B4: ID | C4: Product_Name | D4: Product_Type | E4: Supplier | F4: Average_Order_Time | G4: Reorder_Quantity | H4: Contact_Name | I4: Email | J4: Website
B5: 101 | C5: Luminous Drift | D5: Thriller | E5: Starlight Media | F5: 8 | G5: 2 | H5: Aisha Bello | I5: aisha.bello@growthline.io | J5: Link
B6: =B5+1 -> 102 | C6: Silent Horizon | D6: Mystery | E6: Ironclad Marketing | F6: 12 | G6: 3 | H6: Daniel Okafor | I6: daniel.okafor@copperquill.co | J6: Link
B7: =B6+1 -> 103 | C7: Skyforge | D7: Sci-Fi | E7: EchoWave Digital | F7: 28 | G7: 4 | H7: Rhea Coleman | I7: rhea.coleman@echorank.io | J7: Link
B8: =B7+1 -> 104 | C8: Wanderbeam | D8: Travel | E8: Silverleaf Creative | F8: 9 | G8: 1 | H8: Lucia Moreno | I8: lucia.moreno@wanderleaf.co | J8: Link
B9: =B8+1 -> 105 | C9: Lost Echo | D9: History | E9: Starlight Media | F9: 7 | G9: 2 | H9: Ethan Cole | I9: ethan.cole@novasignal.io | J9: Link
B10: =B9+1 -> 106 | C10: Silver Mirage | D10: Fantasy | E10: Starlight Media | F10: 7 | G10: 2 | H10: Ethan Cole | I10: ethan.cole@novasignal.io | J10: Link
B11: =B10+1 -> 107 | C11: Nightfall | D11: Horror | E11: Starlight Media | F11: 8 | G11: 2 | H11: Ethan Cole | I11: ethan.cole@novasignal.io | J11: Link
B12: =B11+1 -> 108 | C12: Deep Hollow | D12: Drama | E12: EchoWave Digital | F12: 30 | G12: 4 | H12: Rhea Coleman | I12: rhea.coleman@echorank.io | J12: Link
B13: =B12+1 -> 109 | C13: Brokerage | D13: Fantasy | E13: EchoWave Digital | F13: 30 | G13: 4 | H13: Rhea Coleman | I13: rhea.coleman@echorank.io | J13: Link
B14: =B13+1 -> 110 | C14: Frostline | D14: Dystopian | E14: EchoWave Digital | F14: 30 | G14: 4 | H14: Rhea Coleman | I14: rhea.coleman@echorank.io | J14: Link
B15: =B14+1 -> 111 | C15: Tidal Wave | D15: Action | E15: Moonlit Digital | F15: 7 | G15: 1 | H15: Arya Janne | I15: arya.janne@moonlitdigital.co | J15: Link
B16: =B15+1 -> 112 | C16: Crimson Dawn | D16: Romance | E16: Phoenix Growth | F16: 60 | G16: 4 | H16: Miriam Lawson | I16: miriam.lawson@phoenixgrowth.io | J16: Link
B17: =B16+1 -> 113 | C17: Shattered Sky | D17: Sci-Fi | E17: Shadow Metrics | F17: 5 | G17: 4 | H17: Ken Morris | I17: ken.morris@shadowmetrics.io | J17: Link
... B24: =B23+1 -> 120 | C24: Shadowgrid | D24: Urban | E24: Shattered Sky Media | F24: 60 | G24: 4 | H24: Jim Calder | I24: jim.calder@shatteredsky.io | J24: Link
